,Product,Quantity
0,Angostura Bitters 4oz,26
1,Angostura Orange Bitters 4oz,11
2,Fee Brothers Black Walnut Bitters 5oz,11
3,Angostura Cocoa Bitters 4oz,10
4,Angostura Bitters 200ml,9
5,Woodford Spiced Cherry Bitters 2oz,8
6,Regans Orange Bitters 5oz,8
7,Bittermens Xocolatl Mole Bitters 5oz,8
8,Bittermens Hellfire Shrub 5oz,7
9,Bittermens Tiki Bitters 5oz,7
10,Peychauds Bitters 5oz,6
11,Fee Brothers Bokers Cardamom Bitters 5oz,6
12,Angostura Bitters 16oz,6
13,Ms. Betters Bitters Foamer 4oz,5
14,Peychauds Bitters 10oz,5
15,Bitter Truth Spiced Chocolate Bitters 200ml,4
16,Bitter Queens Chocolate Walnut Bitters 5oz,4
17,Fee Brothers Whiskey Barrel Bitters 5oz,4
18,Miracle Mile Toasted Pecan Bitters 4oz,3
19,Bar Keep Lavender Bitters 8oz,3
20,Crude Pooter 4oz,3
21,Crude Bitterless Marriage 4oz,3
22,El Guapo Love Potion Bitters 100ml,3
23,Regans Orange Bitters 10oz,3
24,Scrappys Aromatic Bitters 5oz,3
25,Bittercube Root Beer Bitters 5oz,3
26,Bittercube Cherry Bark Vanilla Bitters 5oz,3
27,Scrappys Lavender Bitters 5oz,3
28,Woodford Aromatic Bitters 2oz,3
29,Dashfire Star Sichuan Bitters 100ml,2
30,Hella Bitters Aromatic 5oz,2
31,Fee Brothers Rhubarb Bitters 5oz,2
32,Fee Brothers Orange Flower Water 5oz,2
33,Bitter Queens Tobacco Bitters 5oz,2
34,El Guapo Tex Mex Bitters 100ml,2
35,El Guapo Polynesian Kiss Bitters 100ml,2
36,Fee Brothers Aztec Chocolate Bitters 5oz,2
37,El Guapo Cucumber Lavender Bitters 100ml,2
38,Dale DeGroffs Pimento Bitters 150ml,2
39,Crude Tiki 500 Bitters 2oz,2
40,Bittermens Buckspice Ginger Bitters 5oz,2
41,Bittermens Boston Bitters 5oz,2
42,Bittercube Trinity Bitters 5oz,2
43,Bitter Truth Bogarts Bitters 375ml,2
44,Scrappys Cardamom Bitters 5oz,1
45,Scrappys Firewater Bitters 5oz,1
46,Infuse Bitters Clove 4oz,1
47,Infuse Bitters Sassafras 4oz,1
48,Infuse Bitters Szechuan Spice 4oz,1
49,Japanese Bitters Yuzu 100ml,1
50,Miracle Mile Bergamot Bitters 4oz,1
51,Miracle Mile Chili Chocolate Bitters 4oz,1
52,Bittermens Hopped Grapefruit Bitters 5oz,1
53,Bitter Truth Cucumber Bitters 200ml,1
54,Owl and Whale Acid Phosphate 4oz,1
55,Peychauds Barrel Aged Bitters 5oz,1
56,Hella Bitters Citrus 5oz,1
57,Bittermens Burlesque Bitters 5oz,1
58,Bitter Truth Peach Bitters 200ml,1
59,Bittercube Blackstrap Bitters 5oz,1
60,Bar Keep Apple Bitters 8oz,1
61,Hella Bitters Mexican Chocolate 5oz,1
62,Bittermens Krupnik Honey Bitters 5oz,1
63,Dr Adams Dandelion Bitters 100ml,1
64,Bubbs Bitters Dark Roots 5oz,1
65,El Guapo Chicory Pecan Bitters 100ml,1
66,El Guapo Cuban Bitters 100ml,1
67,Bitter Truth Aromatic Bitters 200ml,1
68,El Guapo Fuego Bitters 100ml,1
69,Crude Sycophant Bitters 4oz,1
70,Crude Big Bear Bitters 4oz,1
71,Elemental Spirits Bitters Variety Pack,1
72,Bitter Truth Lemon Bitters 200ml,1
73,Fee Brothers Cherry Bitters 5oz,1
74,Bittermens Orchard Street Celery Shrub 5oz,1
75,Fee Brothers Gin Barrel Orange Bitters 5oz,1
76,Fee Brothers Grapefruit Bitters 5oz,1
77,Fee Brothers Lemon Bitters 5oz,1
78,Fee Brothers Orange Bitters 5oz,1
79,Bittermens Transatlantic 5oz,1
80,Fee Brothers Plum Bitters 5oz,1
81,Bitter Truth Celery Bitters 200ml,1
82,Fee Brothers Rose Water 5oz,1
83,Bitter Truth Gift Tin,1
