SKU,Name,BatchSerialNumber,ExpiryDate_YYYYMMDD,Transfer Quantity,Comments,Location
5060093991710,6 O'clock Sloe Gin 750ml,,,2,,Warehouse
860076000317,Amass Dry Gin 750ml,,,1,,Warehouse
850047003003,Angels Envy Bourbon 750ml,,,6,,Warehouse
895736000246,Awayuki Strawberry Gin 750ml,,,2,,Warehouse
852757002826,Balcones Big Baby Tequila Cask 750ml,,,2,,Warehouse
852757002055,Balcones Brimstone 750ml,,,2,,Warehouse
852757002321,Balcones Peated Single Malt 750ml,,,2,,Warehouse
7072431500063,Bareksten Gin 750ml,,,2,,Warehouse
851718000680,Benhams Barrel Finished Gin 750ml,,,2,,Warehouse
858198001831,Bluecoat Gin 1L,,,2,,Warehouse
080915108022,Bols Genever 1L,,,1,,Warehouse
080480002107,Bombay Sapphire East 1L,,,2,,Warehouse
749787600033,Cabrito Blanco 1L,,,4,,Warehouse
749787500012,Cabrito Reposado 1L,,,3,,Warehouse
051497237318,Calirosa Anejo 750ml,,,2,,Warehouse
051497281793,Calirosa Extra Anejo 750ml,,,1,,Warehouse
051497237301,Calirosa Rosa Blanco 750ml,,,2,,Warehouse
850008153082,Campo Bravo 1L,,,3,,Warehouse
810852032179,Clairin Rum Casimir 750ml,,,1,,Warehouse
850032865050,Creador Jabali 750ml,,,2,,Warehouse
850032865005,Creador Lumbre 750ml,,,2,,Warehouse
850032865081,Creador Mexicano 750ml,,,2,,Warehouse
081753822422,Dom Perignon Vintage 2010 750ml,,,6,,Warehouse
7416388330586,Don Fulano Anejo 750ml,,,2,,Warehouse
7416388130674,Don Fulano Blanco 100 proof 750ml,,,1,,Warehouse
7416388130506,Don Fulano Blanco 80 proof 750ml,,,2,,Warehouse
7416388337516,Don Fulano Extra Anejo 750ml,,,2,,Warehouse
7416388230596,Don Fulano Reposado 750ml,,,2,,Warehouse
082301100023,Don Q Cristal 1L,,,2,,Warehouse
898432002460,Dulce Vida Anejo 750ml,,,3,,Warehouse
898432002019,Dulce Vida Blanco 100 Proof 750ml,,,6,,Warehouse
898432002002,Dulce Vida Blanco 750ml,,,4,,Warehouse
898432002507,Dulce Vida Grapefruit 750ml,,,3,,Warehouse
898432002637,Dulce Vida Pineapple Jalapeno 750ml,,,3,,Warehouse
898432002453,Dulce Vida Reposado 750ml,,,5,,Warehouse
8030198009976,Elena Gin 750ml,,,2,,Warehouse
039383008570,Farmers Organic Gin 750ml,,,2,,Warehouse
898563002629,Fernet Branca 750ml,,,6,,Warehouse
724803018467,Foursquare Indelible 750ml,,,3,,Warehouse
724803018498,Foursquare Sovereignty 750ml,,,3,,Warehouse
741638952124,Fuenteseca Anejo 2003 18y 750ml,,,1,,Warehouse
741638000047,Fuenteseca Anejo 2005 11y 750ml,,,1,,Warehouse
741638952117,Fuenteseca Anejo 2006 15y 750ml,,,2,,Warehouse
851756002424,Garrison Brothers Balmorhea 750ml,,,2,,Warehouse
851756002523,Garrison Brothers Guadalupe Port Cask 750ml,,,1,,Warehouse
851756002455,Garrison Brothers Honeydew 750ml,,,1,,Warehouse
851756002196,Garrison Brothers Single Barrel 750ml,,,2,,Warehouse
080686122210,Gilbeys Gin Round 1L,,,2,,Warehouse
086785890159,Gracias a Dios Oaxacan Gin 750ml,,,2,,Warehouse
5033931602284,Half Hitch Gin 750ml,,,2,,Warehouse
089744757357,Ilegal Mezcal Joven 750ml,,,3,,Warehouse
814794011230,Knappogue Castle 16y Twin Wood 750ml,,,1,,Warehouse
860001753448,Komos Reposado Rosa 750ml,,,2,,Warehouse
7533396874793,Lobos Tequila 1707 Joven 750ml,,,2,,Warehouse
816136027909,Lobos Tequila 1707 Reposado 750ml,,,2,,Warehouse
087229127664,Luxardo Sour Cherry Gin 750ml,,,2,,Warehouse
818367000157,Neisson Vieux Ed Hamilton 750ml,,,2,,Warehouse
852962007104,Nelson Brothers Classic Whiskey 750ml,,,1,,Warehouse
852962007098,Nelson Brothers Reserve Bourbon 750ml,,,1,,Warehouse
860465000102,Old Harbor San Miguel Gin 750ml,,,1,,Warehouse
721733000012,Patron Anejo 750ml,,,2,,Warehouse
721733003075,Patron Extra Anejo 750ml,,,2,,Warehouse
721733000159,Patron Reposado 750ml,,,2,,Warehouse
860006826109,Pinhook Bourbon War Shaker Barrel 750ml,,,12,,Warehouse
695521152187,Plantation OFTD 1L,,,6,,Warehouse
9120013511476,Rochelt Gin 375ml,,,1,,Warehouse
7591156404604,Santa Teresa 1796 Solera 750ml,,,1,,Warehouse
088004139940,Sazerac Rye 6y 750ml,,,6,,Warehouse
850001380058,Scapegrace Black Gin 750ml,,,1,,Warehouse
850001380003,Scapegrace Dry Gin 750ml,,,2,,Warehouse
850001380010,Scapegrace Gold Dry Gin 750ml,,,2,,Warehouse
7503007479303,Sol Tarasco Anejo Charanda con Honogos 750ml,,,3,,Warehouse
698450942461,Soledad Joven 750ml,,,2,,Warehouse
088076168640,Tanqueray Rangpur 750ml,,,2,,Warehouse
195893687015,Tequila 818 Blanco 750ml,,,6,,Warehouse
195893031092,Tequila 818 Reposado 750ml,,,6,,Warehouse
898185001666,Treaty Oak Waterloo No. 9 1L,,,6,,Warehouse
854125003008,Tres Agaves Blanco 750ml,,,2,,Warehouse
854125003015,Tres Agaves Reposado 750ml,,,2,,Warehouse
080686187233,Tyrconnell Single Malt 750ml,,,1,,Warehouse
855939007091,Western Son Gin 1L,,,1,,Warehouse
853507000550,Westward Pinot Noir Single Malt 750ml,,,1,,Warehouse
848557000612,Whitley Blood Orange Gin 750ml,,,2,,Warehouse
848557000339,Whitley Original London Dry Gin 750ml,,,2,,Warehouse
8005765969120,Wild Sardina Gin 750ml,,,1,,Warehouse
721059000635,Wray and Nephew Overproof 750ml,,,2,,Warehouse
869641000004,Zephyr Gin 750ml,,,6,,Warehouse
