SKU,Name,Quantity,Comments
871952000635,Alipus Aniversario XX San Andreas Shaker Batch 750ml,3,
871952000079,Alipus San Andres 750ml,6,
871952000086,Alipus San Baltazar 750ml,3,
871952000154,Alipus Santa Ana Del Rio 750ml,5,
040232521386,Alkkemist Gin 750ml,1,
632070101419,Balblair 12y 750ml,2,
031259003542,Bib & Tucker 6 year 750ml,2,
699176584195,Blind Tiger Piper Cubeba 750ml,1,
860004446873,Blue Run Reflection Bourbon 750ml,2,
5029704219001,Bunnahabhain Stiuireadair 750ml,1,
850016427021,Caballito Cerrero Reposado 46 Azul 750ml,1,
850016427007,Caballito Cerrero Reposado 46 Chato 750ml,1,
810020890037,Chicken Cock Rye 750ml,1,
688187271705,Cinco Sentidos Bicuixe-Espadin Shaker Pick 750ml,2,
688187272085,Cinco Sentidos Pechuga Guerrerense 750ml,3,
850032865029,Creador Barril 750ml,2,
850032865043,Creador Espadin 750ml,2,
850032865067,Creador Mexican + Espadin 750ml,2,
860000790963,Cream Of Kentucky Bonded Rye 750ml,6,
023165211166,Cuentacuentos Coyote A. Robles 750mL,2,
023165211579,Cuentacuentos Papalote T. Gutierrez 750mL,3,
023165211586,Cuentacuentos Tepeztate E. Garcia 750mL,3,
7500326213076,Dakabend Mexican Rum 1L,2,
088110100056,Dalwhinnie 15y 750ml,2,
088076184541,Dalwhinnie Distillers Edition 750ml,1,
618397201230,Del Maguey San Pedro Taviche 750ml,2,
082000797036,Dickel Bonded 13y 2007 750ml,2,
088076006225,Dickel No 12 1L,2,
080925100016,El Jolgorio Espadin 750ml,2,
810046140000,FEW Bourbon Whiskey 750ml,1,
742832072991,Fidencio Mezcal Ensamble 750ml,2,
309515045,Fidencio Mezcal Pechuga 750ml,1,
516876092457,Fidencio Mezcal Tepextate 750ml,2,
816136020306,Flor Del Desierto Desierto 750ml,2,
7502221969034,Fortaleza Blanco Still Strength 750ml,2,
9349749000003,Four Pillars Rare Dry Gin 750ml,2,
855153005026,Gin Mare 750ml,2,
5391537390050,Glendalough Wild Botanical Gin 750ml,2,
5060399687294,Glendronach 15y Revival 750ml,1,
086785890067,Gracias A Dios Arroqueno 750ml,1,
482482482482,Gusto Historico Eusebio Santos Tobala Bicuixe 750ml,2,
7503021102829,Gusto Historico Juan Garcia Blend of 4 750ml,1,
493493493493,Gusto Historico Victor Ramos Bicuixe/Tripon/Espadin/Arroqueno/Mexicano 750ml,2,
000513073072,Hamilton White Stache 1L,2,
083664874811,Hendricks Neptunia 750ml,2,
083664873678,Hendricks Orbium 750ml,3,
086003267084,High West High Country American Single Malt 750ml,1,
083664874514,Hudson Do The Rye Thing 750ml,1,
083664874521,Hudson Short Stack Rye 750ml,2,
857262003092,Ivy Mountain Corn Whiskey 750ml,2,
4976881521247,Iwai Mars 45 750ml,2,
721059001977,J Wray Gold 750ml,2,
082184005965,Jack Daniels Triple Mash 1L,1,
080686010203,Jim Beam Rye 1L,1,
088076186286,Johnnie Walker High Rye 750ml,2,
4589858890095,Kamiki Intense Wood 750ml,2,
4589858890125,Kamiki Sakura Wood 750ml,1,
4589858890026,Kamiki Whisky 750ml,1,
850009079060,Koch Arroqueno 750ml,2,
864903000129,Kooper Barrel Reserve Rye 750ml,2,
850786006150,Koval Barreled Gin MML Private Barrel 750ml,1,
040232247538,La Luna Ensamble Chino + Manso Sahuayo 750ml,2,
051497286156,La Luna Espadincillo 750ml,1,
799599687692,La Venenosa Raicilla Costa Green 750ml,2,
799599687715,La Venenosa Raicilla Sierra Black 750ml,2,
088110140052,Lagavulin 16y 750ml,2,
856933005731,Laws Four Grain Bourbon 750ml,3,
080432116692,Malfy Gin Arancia 750ml,1,
856847004035,Mezcal Vago Ensamble En Barro 750ml,3,
856847004271,Mezcal Vago Espadin 750ml,3,
856847004509,Mezcal Vago Espadin Joel Barriga 750ml,3,
871952000666,Mezcalero 25 750ml,2,
871952000703,Mezcalero 26 750ml,2,
871952000710,Mezcalero 27 750ml,2,
871952000598,Mezcalero Special Bottle No5 750ml,2,
091037746986,Middle West Dark Pumpernickel Rye 750ml,1,
091037731142,Middle West Oloroso Wheat Whiskey 750ml,1,
672975279097,Middle West Ported Pumpernickel Rye 750ml,1,
088076182868,Mortlach 12y 750ml,1,
088076182882,Mortlach 20y 750ml,1,
739802508147,Neta Bicuixe Capon 750ml,2,
739802508178,Neta Madrecuixe Capon 750ml,2,
812066022915,Noble Oak Double Oak Rye 750ml,1,
080925100122,Nuestra Soledad La Compania 750ml,1,
080925100153,Nuestra Soledad Zoquitlan 750ml,2,
816136026391,OAX Original Arroqueno 750ml,1,
816136026407,OAX Original Tepeztate 750ml,1,
816136026414,OAX Original Tobala 750ml,1,
088004034993,Old Charter French Oak 750ml,1,
852045007403,Old Elk Wheated Bourbon 750ml,1,
860001779660,Pinhook Bourbon Orange 750ml,1,
695521152750,Plantation Fiji 2005 750ml,1,
695521152743,Plantation Isle of Fiji 750ml,1,
695521152491,Plantation Xaymaca 750ml,1,
080432530115,Powers Gold Label 1L,2,
850014167509,Prideful Goat Cask Strength 15y 750ml,1,
853199007165,Ranger Creek 44 Rye 750ml,1,
7503033072417,Real Minero Cuishe Artesanal 750ml,2,
7503033072080,Real Minero Cuishe Tradicional 750ml,2,
7503018107035,Rey Campero Cuishe 750ml,1,
7503018107363,Rey Campero Cuishe Jabali 750ml,1,
7503018107189,Rey Campero Madre Cuishe 750ml,1,
7503018107059,Rey Campero Mexicano 750ml,1,
7503018107066,Rey Campero Tepextate 750ml,1,
7503018107004,Rey Campero Three Blend 750ml,1,
721059957502,Russells Reserve Bourbon 10yr 750ml,2,
852121008096,Shibui Grain Select 750ml,1,
7503016487047,Siete Misterios Coyote 750ml,1,
7503016487900,Siete Misterios Espadin Tepeztate 750ml,1,
7503016487894,Siete Misterios Espadin Tobala 750ml,1,
7503016487092,Siete Misterios Pechuga 750ml,1,
7503016487078,Siete Misterios Tobala 750ml,1,
854570002410,Smooth Ambler Founders Cask Strength Rye 750ml,1,
7503031213096,Sotoleros Lupe Venison Carne 750ml,3,
736040005421,Stellum Cask Strength Rye 750ml,2,
748252280398,Swift Sauternes Cask Finish 750ml,1,
4920321004272,Teeda Okinawan Rum 750ml,2,
080660203034,Ten High Sour Mash 1L,2,
736040001966,Tenjaku Pure Malt 750ml,1,
4589858890873,Umiki Ocean Fused 750ml,2,
850004266335,Westland Single Malt Whiskey 750ml,1,
853507000291,Westward American Single Malt Cask Strength 750ml,1,
853507000161,Westward Stout Cask Single Malt 750ml,1,
853507000055,Westward Whiskey 750ml,1,
850001901963,Whistlepig Farmstock Bourbon Beyond Bonded 750ml,2,
850001901451,Whistlepig Farmstock Rye Beyond Bonded 750ml,2,
810080550360,Whistlepig Smokestock 750ml,2,
081128001483,Woodford Reserve 1L,1,
858349004162,Woodinville Bourbon Shaker Barrel 750ml,12,
857561004325,Woody Creek Colorado Straight Rye 750ml,2,
869641000011,Zephyr Black Gin 750ml,2,
